Domain,Latest Warmup Size (Send Size),Server,Last Active Time
"sultanscreen.com",2001,"s_wmn3_2249","6/27/2026, 11:58:51 AM"
"roboticcancel.xyz",6001,"s_wmn3_2193","6/27/2026, 8:34:30 AM"
"oakthorpe.today",10006,"s_wmn3_2204","6/26/2026, 10:10:47 PM"
"canadaeducationguide.com",50002,"s_wmn3_2243","6/27/2026, 11:38:37 AM"
"[RDNS]",501,"sh_wmn3_7","6/27/2026, 1:02:53 PM"
"airportpress.us",501,"s_wmn3_2234","6/27/2026, 1:34:08 PM"
"flavortalent.com",2001,"s_wmn3_2249","6/27/2026, 12:05:32 PM"
"varkulinetrom.com",301,"s_wmn3_2245","6/27/2026, 12:10:15 PM"
"briarfield.today",4002,"s_wmn3_2182","6/27/2026, 10:18:26 AM"
"covershared.com",7001,"s_wmn3_2249","6/27/2026, 12:12:25 PM"
"elastape.com",7001,"s_wmn3_2182","6/27/2026, 10:27:06 AM"
"durmorel.store",15033,"s_wmn3_2204","6/26/2026, 8:47:01 PM"
"yocdazarerdafi.com",15001,"s_wmn3_2243","6/27/2026, 12:35:08 PM"
"asujgopigdo.cloud",301,"s_wmn3_2249","6/27/2026, 12:19:14 PM"
"math-consult.com",4002,"s_wmn3_2182","6/27/2026, 10:35:37 AM"
"protocolstrive.com",201,"s_wmn3_2234","6/27/2026, 12:40:56 PM"
"iconhandy.com",352,"s_wmn3_2214","6/27/2026, 10:10:44 AM"
"topshelfcontacts.com",501,"s_wmn3_2245","6/27/2026, 12:22:00 PM"
"triplecolon.com",6003,"s_wmn3_2193","6/27/2026, 8:59:27 AM"
"wclittle.com",508,"s_wmn3_2236","6/27/2026, 12:43:19 PM"
"saintcancel.us",7001,"s_wmn3_2249","6/27/2026, 12:26:07 PM"
"zimilmabekanq.com",1002,"s_wmn3_2182","6/27/2026, 10:44:10 AM"
"greywood.space",1001,"s_wmn3_2204","6/26/2026, 9:13:26 PM"
"wefyihanakuywo.com",15001,"s_wmn3_2243","6/27/2026, 12:54:30 PM"
"contactsdeal.com",501,"s_wmn3_2249","6/27/2026, 12:32:51 PM"
"valenciaswipe.com",201,"s_wmn3_2234","6/27/2026, 12:58:41 PM"
"wapanyday.info",4001,"s_wmn3_2160","6/27/2026, 8:32:37 AM"
"reflectionmax.com",201,"s_wmn3_2245","6/27/2026, 12:33:44 PM"
"yujavzezkesit.net",3524,"s_wmn3_2182","6/27/2026, 11:01:25 AM"
"ontimescroll.com",4001,"s_wmn3_2249","6/27/2026, 12:39:36 PM"
"aubergeguestlodge.com",802,"s_wmn3_2200","6/27/2026, 8:12:03 AM"
"contactsbazar.com",6003,"s_wmn3_2193","6/27/2026, 8:09:37 AM"
"clervazin.com",5001,"s_wmn3_2214","6/27/2026, 10:35:06 AM"
"jpedition.com",2010,"s_wmn3_2236","6/27/2026, 1:05:07 PM"
"cooperstown.info",805,"s_wmn3_2204","6/26/2026, 9:42:53 PM"
"outdoordevelop.com",4001,"s_wmn3_2249","6/27/2026, 12:46:28 PM"
"punolnoroduvom.com",26001,"s_wmn3_2243","6/27/2026, 1:13:54 PM"
"frondivakelum.com",353,"s_wmn3_2182","6/27/2026, 7:59:22 AM"
"usablechat.com",201,"s_wmn3_2234","6/27/2026, 1:16:28 PM"
"forevercancel.com",1001,"s_wmn3_2245","6/27/2026, 12:45:30 PM"
"turbo-smt.com",100,"s_wmn3_2249","6/27/2026, 12:59:54 PM"
"xohgotesninagigz.net",5005,"s_wmn3_2182","6/27/2026, 8:08:03 AM"
"consistema.com",26001,"s_wmn3_2243","6/27/2026, 1:33:16 PM"
"minecrafts.space",201,"s_wmn3_2245","6/27/2026, 12:57:32 PM"
"genci.es",3525,"s_wmn3_2214","6/27/2026, 10:59:26 AM"
"amitysite.com",301,"s_wmn3_2249","6/27/2026, 1:06:39 PM"
"clusterstreak.com",802,"s_wmn3_2200","6/27/2026, 8:46:59 AM"
"cookyfat.com",26001,"s_wmn3_2243","6/27/2026, 12:15:44 PM"
"onlinebusinessarticles.info",503,"s_wmn3_2245","6/27/2026, 1:09:18 PM"
"dreqlavon.com",7001,"s_wmn3_2249","6/27/2026, 1:20:15 PM"
"drulzavin.com",501,"s_wmn3_2249","6/27/2026, 1:26:58 PM"
"rosettateam.com",301,"s_wmn3_2245","6/27/2026, 1:21:03 PM"
"kronoscontacts.com",301,"s_wmn3_2249","6/26/2026, 3:53:28 PM"
"halcyonopen.us",301,"s_wmn3_2249","6/26/2026, 4:01:57 PM"
"lemadavodka.com",1006,"s_wmn3_2236","6/27/2026, 1:48:41 PM"
"drampelunovis.com",5001,"s_wmn3_2182","6/27/2026, 10:09:45 AM"
"digitalwebhorizon.com",801,"sh_wmn3_6","6/27/2026, 12:48:39 AM"
"anuncios.us",501,"s_wmn3_2249","6/27/2026, 1:33:41 PM"
"serwer.io",4001,"s_wmn3_2249","6/27/2026, 1:40:24 PM"
"facilityfinder.nl",2001,"s_wmn3_2249","6/27/2026, 1:47:08 PM"
"astrocenter.us",1001,"s_wmn3_2249","6/27/2026, 11:31:37 AM"
"ps2crash-world.com",4040,"s_wmn3_2182","6/27/2026, 10:52:45 AM"
"odysseyrate.us",7001,"s_wmn3_2249","6/27/2026, 11:38:31 AM"
"cuatrotorres.mx",1201,"sh_wmn3_6","6/27/2026, 12:20:38 AM"
"zolkimrav.com",7001,"s_wmn3_2249","6/27/2026, 11:45:24 AM"
"mmg-treasury.de",537,"s_wmn3_2250","6/26/2026, 9:29:59 PM"
"epicgenial.com",4001,"s_wmn3_2249","6/27/2026, 11:52:07 AM"
"brighterpipe.com",330,"s_wmn3_2214","6/27/2026, 11:23:47 AM"
"absolutequalityevents.com",3515,"s_wmn3_2182","6/27/2026, 8:16:45 AM"
"hazardousmaterial.info",1002,"s_wmn3_2182","6/27/2026, 8:25:24 AM"
"lensesprovider.com",501,"s_wmn3_2250","6/26/2026, 6:09:28 PM"
"latencymotion.com",4001,"s_wmn3_2245","6/27/2026, 1:44:45 PM"
"trugnolava.us",2501,"s_wmn3_2249","6/27/2026, 12:53:12 PM"
"agrodairy.az",501,"s_wmn3_2250","6/26/2026, 6:31:33 PM"
"helloitexpert.com",101,"s_wmn3_2236","6/27/2026, 1:26:53 PM"
"pacttry.world",4001,"s_wmn3_2249","6/27/2026, 1:13:21 PM"
"freesurveyasia.com",501,"s_wmn3_2250","6/26/2026, 10:38:38 PM"
"themeregistry.world",802,"s_wmn3_2250","6/26/2026, 10:45:37 PM"
"chaptgpt.space",501,"s_wmn3_2245","6/27/2026, 1:32:49 PM"
"51cxb.com",821,"s_wmn3_2250","6/26/2026, 11:03:34 PM"
"icnerd.com",802,"s_wmn3_2250","6/26/2026, 11:18:22 PM"
"el-gmbh.com",802,"s_wmn3_2250","6/26/2026, 11:32:22 PM"
"sandsleadership.com",501,"s_wmn3_2250","6/26/2026, 8:59:42 PM"
"tropicalcancel.com",501,"s_wmn3_2250","6/26/2026, 9:49:07 PM"
"tytg.net",802,"s_wmn3_2250","6/26/2026, 10:52:46 PM"
